{
  "DemoMod:LibraryPatch": {
    "NAME": "도서관",
    "DESCRIPTIONS": ["당신은 책을 내려놓고 모퉁이쪽을 보았습니다. 갑자기, 쌓여있는 책 중 하나의 표지가 #b~친숙하다고~ #b~느껴집니다...~ NL 가까이 다가가 책을 집어듭니다. 이 책은 당신이 건전에서 들고다니던 #b~총탄~ #b~부활술서~ 입니다! NL 첨탑에 올때 가지고 오지 않았었는데. 누가 가지고 온걸까요? NL 무슨 일이 일어났는지 모르지만, 책을 찾은건 좋은 일입니다. NL 책을 가지고 떠납니다."],
    "OPTIONS": [
      "[주위를 둘러본다] #g특별한 #g유물 을 얻습니다."
    ]
  },
  "DemoMod:FallingPatch": {
    "NAME": "Falling",
    "DESCRIPTIONS": [
      "당신은 갑자기 공중을 날 수 있는 장비가 있다는것을 깨닫습니다. 당신은 재빨리",
      " #g~풍선건~ ",
      " #g~제트팩~ ",
      " #g~왁스~ #g~날개~ ",
      " #g~쥐~ #g~장화~ ",
      "을 꺼내, 안정적인 플랫폼까지 비행하여 착지합니다."
    ],
    "OPTIONS": [
      "[날아간다]",
      "[잠김] 조건: 날수 있는 장비가 필요합니다."
    ]
  },
  "DemoMod:D20Statue": {
    "NAME": "주사위 굴리기의 제단",
    "DESCRIPTIONS": [
      "앞에 20면체 주사위 처럼 생긴 돌로 된 조각상이 있습니다. 아랫부분은 회전할수 있을것처럼 보이며 그 위에는 선이 새겨져있습니다: 당신의 운명을 굴려라.",
      " NL 어떻게 하시겠습니까?",
      "당신은 제단을 무시합니다.",
      "당신은 조각상을 반 바퀴 돌렸고, 그러자 갑자기 땅이 #r@거칠게 흔들립니다!@ NL 당신에게 무언가 부딪혔다고 생각했을때, 다시 잠잠해집니다.",
      " NL 당신은 진정하고 동상을 다시 살펴봅니다. 조각상 바닥에 다른 선이 새겨진것을 발견합니다:",
      "새로워짐",
      "강화됨",
      "빨라짐",
      "지불됨",
      "보호됨",
      "제거됨",
      "선물",
      "재장전됨",
      "공포탄효과",
      "고통스러움",
      "쇠약해짐",
      "강도당함",
      "무장 해제",
      "한계있음",
      "공포탄효과제거",
      "저주받음",
      "불안정함",
      "가격측정불가",
      "무슨 일이 일어난걸까요?",
      "당신은 이 조각상을 반바퀴 돌리자, 갑자기 #r@폭발합니다!@ NL 폭발에 휘말린 당신은 정신을 잃습니다.",
      " NL 오랜 시간이 지나고 당신이 의식을 찾았을때는 심각한 부상을 입은것을 발견합니다. 하지만 이상하게도, 고통은 느껴지지 않습니다.",
      " NL 당신은 살아남았다는 사실만으로, 더 이상 원하는게 없기에, 일어나서 자리를 떠납니다."
    ],
    "OPTIONS": [
      "[돌을 돌린다] #g이로운 효과 를 얻습니다. #r부정적인 효과 를 받습니다.",
      "[떠난다]"
    ]
  },
  "DemoMod:FountainOfPurify": {
    "NAME": "정화의 제단",
    "DESCRIPTIONS": [
      "앞에 분수대가 보입니다. 그 안에는 #b~빛나는~ #b~물이~ 줄줄 흐르고 있습니다.수영장 바닥에는 #b~금화~ 가 #b~빛나고~ 있습니다...",
      "당신은 영혼을 정화시키기 위해, 분수에 금화를 던지기로 합니다. NL 금화를 떨어뜨리자, 당신은 #p~검은~ #p~손아귀~ 가 느슨해지는것을 느낍니다.",
      "전에도 많은 모험가들이 지나갔었을것이고, 그 분수 바닥에는 금화들이 쌓여있습니다. 당신은 성공적으로 건지는데 성공했지만, 당신은 가슴속에 남아있는 #p~심리적~ #p~불안감을~ 느낍니다...",
      "분수에는 많은 금화가 있지만, 잠시 생각해보니 수상함을 느낍니다: 어떻게 이 많은 금화가 이대로 남아있을수있지? 당신은 조심하기위해, 분수로부터 멀어지기로합니다."
    ],
    "OPTIONS": [
      "[금화를 던진다] #r골드를 #r", " #r잃습니다. #g저주 #g포인트를 #g0 #g으로 #g줄입니다.",
      "[건진다] #r저주 #r포인트가 #r상승합니다. #g골드를 #g100-300 #g얻습니다.",
      "[떠난다]",
      "[잠김] 조건:", "금화."
    ]
  }
}