{
  "DemoMod:LordOfTheJammed": {
    "NAME": "궁지에 몰린 자들의 지배자",
    "DIALOG": [""],
    "MOVES": [""]
  },
  "DemoMod:Decoy": {
    "NAME": "미끼",
    "DIALOG": [""],
    "MOVES": [""]
  },
  "DemoMod:Mimic": {
    "NAME": "상자 미믹",
    "DIALOG": [
      "Off-guard"
    ],
    "MOVES": [
      "Close Lid",
      "Mad Mimicry",
      "Blade Mimicry",
      "BOO!"
    ]
  },
  "DemoMod:BulletKin": {
    "NAME": "총탄 일족",
    "DIALOG": [""],
    "MOVES": [""]
  },
  "DemoMod:VeteranBulletKin": {
    "NAME": "베테랑 총탄 일족",
    "DIALOG": [""],
    "MOVES": [
      "Anticipate",
      "Mozambique Drill"
    ]
  },
  "DemoMod:RedShotgunKin": {
    "NAME": "빨간 산탄총 일족",
    "DIALOG": [""],
    "MOVES": ["Reload"]
  },
  "DemoMod:BlueShotgunKin": {
    "NAME": "파란 산탄총 일족",
    "DIALOG": [""],
    "MOVES": ["Reload"]
  },
  "DemoMod:VeteranShotgunKin": {
    "NAME": "베테랑 산탄총 일족",
    "DIALOG": [""],
    "MOVES": [
      "Anticipate",
      "Reload"
    ]
  },
  "DemoMod:ResourcefulRat": {
    "NAME": "쥐갈 공명",
    "DIALOG": [
      "I've just warmed up. Now I want to #r@melt@ you!",
      "It seems that we are doomed to fight again and again. NL #r@Die, usurper!@",
      "The most handsome king",
      "Your arrogance",
      "You don't have enough body skills",
      "Someone stronger than you",
      "You're a little aggressive"
    ],
    "MOVES": [
      "Dagger Spray",
      "Body Slam",
      "Set up",
      "Poison Trap",
      "Rope throwing",
      "Bullet Wave"
    ]
  },
  "DemoMod:Mouser": {
    "NAME": "마우저",
    "DIALOG": [""],
    "MOVES": [""]
  },
  "DemoMod:Gunsinger": {
    "NAME": "건싱어",
    "DIALOG": [""],
    "MOVES": [
      "Bless"
    ]
  }
}