{
  "DemoMod:BlankPotion": {
    "NAME": "공포탄",
    "DESCRIPTIONS": [
      "모든 적에게 #g",
      " 의 피해를 줍니다. 이번 턴 기절시킵니다."
    ]
  },
  "DemoMod:LeadSkinPotion": {
    "NAME": "납 피부의 물약",
    "DESCRIPTIONS": [
      "이번 전투에서, 내가 받는 #b",
      " 미만의 피해를, #b1 로 감소시킵니다."
    ]
  },
  "DemoMod:SmokeBomb": {
    "NAME": "연막탄",
    "DESCRIPTIONS": [
      " NL 상점에서 사용하면 #r도둑질 할 수 있습니다."
    ]
  }
}