{
  "DemoMod:SevenLeafClover": {
    "NAME": "칠 잎 클로버",
    "FLAVOR": "굉장히 희귀합니다. 가지고 있는 것만으로도 엄청난 행운을 얻을 수 있습니다.",
    "DESCRIPTIONS": [
      "보스가 아닌 상자에서 이제 희귀 카드와(3개 중에 한개 선택) 희귀 #y유물 이 등장합니다."
    ]
  },
  "DemoMod:Metronome": {
    "NAME": "메트로놈",
    "FLAVOR": "\"더욱 강하게.\"",
    "DESCRIPTIONS": [
      "#y공격 으로 적을 죽이면, #y힘 을 #b2 얻습니다. #y공격 으로 막히지 않은 피해를 입으면, 이 #y유물 로 얻은 모든 #y힘 을 초기화합니다."
    ]
  },
  "DemoMod:MemoryAlloy": {
    "NAME": "형상합금",
    "FLAVOR": "철사는 아무리 꼬이고 늘어나도 원래 모습으로 돌아갑니다",
    "DESCRIPTIONS": [
      "한 턴에 #b30 이상의 피해를 받으면, 다음 턴 부터 활성화되고, 체력 피해를 입으면 전 턴의 상태로 되돌립니다. 각 전투마다 한번씩만 발동합니다."
    ]
  },
  "DemoMod:VorpalBullet": {
    "NAME": "보팔 총탄",
    "FLAVOR": "정말로 필요할 땐 발사되지 않습니다.",
    "DESCRIPTIONS": [
      "보스가 아닌 적과 전투시, #b3% 확률로 #r9 배의 피해를 줄 수 있습니다. 이 유물이 발동되지 않으면, 확률이 #b1% 오르고, 이 유물이 발동되면 확률을 초기화합니다.",
      "(현재 치명타 확률: #g",
      "%)"
    ]
  },
  "DemoMod:HipHolster": {
    "NAME": "힙 홀스터",
    "FLAVOR": "\"재빠른 총 뽑기.\"",
    "DESCRIPTIONS": [
      "모든 #y총 이 #y탄창 이 비어도 피해를 줄 수 있습니다.#y총 이 타겟을 조준하면, 수동 #y재장전 후, 무작위 대상을 공격합니다.",
      " NL #g콤보 -실력 있어: 보상 화면에서 포션과 유물 보상이 더욱 향상됩니다."
    ]
  },
  "DemoMod:Dog": {
    "NAME": "개",
    "FLAVOR": "충실한 동료입니다. 방 정리 시 아이템을 찾아줍니다.",
    "DESCRIPTIONS": [
      "전투 종료 시, #b20% 확률로 보상 화면에 무작위 보상을 추가합니다."
    ]
  },
  "DemoMod:CrisisStone": {
    "NAME": "크라이시스 스톤",
    "FLAVOR": "\"재장전. 재장전. 재장전...\"",
    "DESCRIPTIONS": [
      "#y탄창 이 빈 총을 #y장전 할때마다, #y방어도 를 #b8 얻습니다."
    ]
  },
  "DemoMod:RingOfEthereal": {
    "NAME": "에테르 형태의 반지",
    "FLAVOR": "순식간에 에테르 차원을 지나갈 수 있게 해주는 신비한 반지입니다.",
    "DESCRIPTIONS": [
      "방 4개를 클리어 할때마다 오른쪽 클릭으로 사용 가능합니다. #y불가침 을 #b1 얻습니다. NL 상점에서 #r도둑질 을 하는데 사용 가능합니다."
    ]
  },
  "DemoMod:Bottle": {
    "NAME": "유리병",
    "FLAVOR": "\"하트나 총탄 등을 넣어뒀다가 나중에 사용 가능합니다.\"",
    "DESCRIPTIONS": [
      "획득 시, 포션 슬롯을 #b1 얻습니다. 한 턴에 한번 오른쪽 클릭으로 사용 가능합니다. 피해를 #b3 줍니다. #y치명타 라면, 다음 전투 시작시, #b재생 을 #b3 얻습니다.",
      "(다음 전투 시작시, #y재생 을 #g",
      " #y얻습니다.)",
      " NL #g콤보 -빈 수레:각 전투에서 한번씩 막히지 않은 피해를 입으면, 다음 턴이 시작할때 모든 적에게 30 의 피해를 입힙니다.",
      " NL #g콤보 -클리어 구온석+:#y상태이상 카드가 뽑을 카드 더미로 들어가면 자동으로 #y소멸 시킵니다.",
      ""
    ]
  },
  "DemoMod:SpiceCounter": {
    "NAME": "스파이스 카운터",
    "FLAVOR": "",
    "DESCRIPTIONS": [
      "#y스파이스 로 얻은 #y힘 의 수치를 기록합니다.",
      "전투 시작시, #g",
      " #y힘 을 얻습니다."
    ]
  },
  "DemoMod:DecoyRelic": {
    "NAME": "미끼",
    "FLAVOR": "\"잡아라!\"",
    "DESCRIPTIONS": [
      "방 4개를 클리어 할때마다 오른쪽 클릭으로 사용 가능합니다. NL 전투에서 사용:미끼를 소환하여, 적이 미끼가 파괴될때까지 공격하게 합니다. NL 상점에서 #r도둑질 을 하는데 사용 가능합니다.",
      " NL #g콤보 -데들리 디스트럭션: 미끼가 파괴되면, 모든 적에게 #b10 의 독을 부여합니다.",
      " NL #g콤보 -그림자 분신: 미끼가 전투에 나와있으면, #y그림자 #y총탄 의 반드시 발동합니다.",
      " NL #g콤보 -디코이 옥타록: 미끼의 최대체력이 방의 첫번째 적과 같아집니다 (최대 #b100)."
    ]
  },
  "DemoMod:ChaffGrenade": {
    "NAME": "함정 유탄",
    "FLAVOR": "작고 빛나는 입자가 가득한 유탄입니다. ",
    "DESCRIPTIONS": [
      "#b3 번 사용가능합니다. 한 전투에 한번, 오른쪽 클릭으로 사용 가능합니다. 전투에서 사용: 이번 턴 모든적을 기절시킵니다. NL 상점에서 #r도둑질 을 하는데 사용 가능합니다."
    ]
  },
  "DemoMod:Wolf": {
    "NAME": "늑대",
    "FLAVOR": "오래전에 사냥꾼과 함께했으며, 균열이 생긴 시간 흐름 속에서 주인과 재회했습니다.",
    "DESCRIPTIONS": [
      "턴 종료시, 무작위 적에게 피해를 #b12 줍니다.",
      " NL #g콤보 -빨간 모자: #b약화를 #b1 부여합니다.",
      " NL #g콤보 -스나이퍼 우프: 턴 시작시, 다음 사용하는 #y공격 이 #g1.5 배의 피해를 입힙니다.",
      " NL #g콤보 -두 잔의 차: #y주전자 로 부터 얻는 오메가가 2 배가 됩니다."
    ]
  },
  "DemoMod:GundromedaStrain": {
    "NAME": "건드로메다 질병",
    "FLAVOR": "그 바이러스는 빠른 속도로 첨탑에 퍼졌습니다.",
    "DESCRIPTIONS": [
      "모든 적들이 체력을 #b",
      "% 잃습니다."
    ]
  },
  "DemoMod:AgedBell": {
    "NAME": "오래된 종",
    "FLAVOR": "종이 울리기도 전에 음이 들린다고 주장하는 사람들도 있습니다.",
    "DESCRIPTIONS": [
      "방 4개를 클리어 할때마다 오른쪽 클릭으로 사용 가능합니다. 내 턴이 한번 더 진행됩니다. NL 상점에서 #r도둑질 을 하는데 사용 가능합니다.",
      " NL #g콤보 -장비를 갖추시오 -F-：메가핸드 \"시간 정지기\" 모드가 활성화 됩니다."
    ]
  },
  "DemoMod:HoleyGrail": {
    "NAME": "뻥뻥 성배",
    "FLAVOR": "이 성배는 마인 플레이어들과 그들의 차원 일족이 올 때까지 잊힌 칼리버의 유물이었습니다.",
    "DESCRIPTIONS": [
      "피해를 받으면, 가지고 있는 모든 #y총 을 #y재장전 합니다."
    ]
  },
  "DemoMod:WeirdEgg": {
    "NAME": "기묘한 알",
    "FLAVOR": "시간이 흐르면서 잉태합니다. 무언가를.... 얻기 위해 사용하세요.",
    "DESCRIPTIONS": [
      "일회용 유물, 오른쪽 클릭으로 사용 가능합니다. 무작위 유물을 얻습니다. NL 더 많은 층을 올라갈수록, 희귀한 유물이 나올 확률이 증가합니다."
    ]
  },
  "DemoMod:Ammonomicon": {
    "NAME": "총탄 부활 술서",
    "FLAVOR": "모든 종류의 총들을 기록합니다,그 중 대부분은 알지못합니다.",
    "DESCRIPTIONS": [
      "전투 시작시, 무작위 #y총탄 시리즈 #y파워 카드를 손에 추가합니다. 이번 턴 그 카드의 비용이 #b0 이 됩니다."
    ]
  },
  "DemoMod:PoisonVial": {
    "NAME": "독병",
    "FLAVOR": "마시면 안 됩니다.",
    "DESCRIPTIONS": [
      "방을 입장하거나 클리어 할때마다 카운터를 늘립니다. 오른쪽 클릭으로 사용합니다. 쌓여있는 카운터 수치만큼 #y중독 을 부여합니다."
    ]
  },
  "DemoMod:BigBoy": {
    "NAME": "빅 보이",
    "FLAVOR": "핵무기는 제3차 성간 휴전으로 금지되었습니다. 하지만 총굴 내부의 지역은 법적으로 다소 애매한 지역이 아닐 수 없습니다.",
    "DESCRIPTIONS": [
      "방 3개를 클리어 할때마다 오른쪽 클릭으로 사용 가능합니다. 모든 적에게 #b40 피해와 #y독 을 #b10 부여합니다."
    ]
  },
  "DemoMod:GlassGuonStoneRelic": {
    "NAME": "유리 구온석",
    "FLAVOR": "판유리의 여신이 준 선물입니다.",
    "DESCRIPTIONS": [
      "내가 가지고 있는 구온석 한 개당, 턴 종료시, #b",
      " 방어도씩 얻습니다. #y공격 으로 막히지 않은 피해를 입으면 , 모든 유리 구온석을 잃습니다."
    ]
  },
  "DemoMod:Antibody": {
    "NAME": "항체",
    "FLAVOR": "총굴의 의료팀이 관리하는 실험적 치료법입니다.",
    "DESCRIPTIONS": [
      "체력을 회복할때, #b",
      "% 확률로 치유량이 2 배가 됩니다."
    ]
  },
  "DemoMod:WhiteGuonStone": {
    "NAME": "화이트 구온석",
    "FLAVOR": "화이트 구온석은 어떤 층에서든 공포탄을 추가로 사용할 수 있게 해줍니다.",
    "DESCRIPTIONS": [
      "획득 시, #y공포탄 를 얻습니다. 새로운 막에 들어가면, #y공포탄 을 추가로 #b1 개 더 받습니다. NL 턴 종료시, #y방어도 를 #b2 얻습니다."
    ]
  },
  "DemoMod:OrangeGuonStone": {
    "NAME": "오렌지 구온석",
    "FLAVOR": "암석 중심부의 벨리게리트가 자라서 확장되면서 이제는 직접 적을 공격하게 되었습니다.",
    "DESCRIPTIONS": [
      "턴 종료시, #y방어도 를 #b2 얻고 무작위 적에게 #b5 의 피해를 줍니다.",
      " NL #g콤보 -엔터 더 플룻전: 오렌지 구온석의 피해가 #b7 로 증가합니다.",
      " NL #g콤보 -오렌지 구온석: 오렌지 구온석 공격이, VFX로 바뀝니다."
    ]
  },
  "DemoMod:ClearGuonStone": {
    "NAME": "클리어 구온석",
    "FLAVOR": "클리어 구온석을 장착하면 장착자의 피를 세척하여 불순물을 제거해줍니다.",
    "DESCRIPTIONS": [
      "턴 종료시, #y방어도 를 #b2 얻습니다. 뽑을 카드 더미에 #y화상 이나 #y점액 이 추가되면 #y소멸 시킵니다."
    ]
  },
  "DemoMod:GreenGuonStone": {
    "NAME": "그린 구온석",
    "FLAVOR": "그린 구온석은 고통을 증오합니다.",
    "DESCRIPTIONS": [
      "턴 종료시, #y방어도 를 #b2 얻습니다. NL 막히지 않은 #y공격 피해를 입으면, #b20% 확률로 #b6 을 회복합니다. NL 죽음에 이르는 피해를 입으면, #b50% 확률로 부활시키고 #b10 의 체력을 회복합니다."
    ]
  },
  "DemoMod:PinkGuonStone": {
    "NAME": "핑크 구온석",
    "FLAVOR": "핑크 구온석은 사실 피의 의식에서 화이트 구온석에 사망한 총굴 탐험가의 심장을 주입해서 만든 것입니다.",
    "DESCRIPTIONS": [
      "획득 시, 최대 체력이 #b7 증가합니다. 턴 종료시, #y방어도 를 #b2 얻습니다."
    ]
  },
  "DemoMod:RedGuonStone": {
    "NAME": "레드 구온석",
    "FLAVOR": "레드 구온석에는 닷지시트가 40% 함유되어, 굴러서 회피 속도 및 거리를 대폭 올려줍니다.",
    "DESCRIPTIONS": [
      "턴 종료시, #y방어도 를 #b2 얻습니다. #y구르기 를 사용할때 얻는 #y방어도 가 #b6 늘어납니다."
    ]
  },
  "DemoMod:BlueGuonStone": {
    "NAME": "블루 구온석",
    "FLAVOR": "비판적 인식의 암석이라는 이명으로도 불리는 블루 구온석은 장착자가 위험한 상황에 처했을 때 반응 시간을 개선해줍니다.",
    "DESCRIPTIONS": [
      "턴 종료시, #y방어도 를 #b2 얻습니다. 막히지 않은 #y공격 피해를 받으면, 다음 #b3 턴 동안, #b20 #y방어도 를 매 턴 얻습니다. 한 전투에 한번만 발동합니다."
    ]
  },
  "DemoMod:MeltedRock": {
    "NAME": "녹아버린 바위",
    "FLAVOR": "이 바위는 한 불쌍한 사람의 유언과도 같은 존재입니다, 괴로움이 너무나도 큰 나머지 죽은지 얼마 지나지 않은 그의 몸에 고통의 메아리가 울려 퍼질 정도였습니다.",
    "DESCRIPTIONS": [
      "적이 죽으면, 모든 적에게 피해를 #b6 줍니다.",
      " NL #g콤보 -인간 방패: 동시에, 죽은 적 하나당 #y방어도 를 #b8 을 얻습니다."
    ]
  },
  "DemoMod:Orange": {
    "NAME": "오렌지",
    "FLAVOR": "이 오렌지가 있으면... 폭풍 같은 스타일과 강력한 방어 능력을 손에 넣을 수 있습니다.",
    "DESCRIPTIONS": [
      "획득 시, 최대 체력이 #b12 얻습니다."
    ]
  },
  "DemoMod:MonsterBlood": {
    "NAME": "몬스터 혈액",
    "FLAVOR": "이 캔에는 음데신 샌즈 디플머가 연구용으로 수집한 위험한 몬스터의 맹독성 혈액 표본이 들어 있습니다.",
    "DESCRIPTIONS": [
      "획득 시, 최대 체력을 #b7 얻습니다. #y공격 으로 부터 막히지 않은 피해를 입으면, 모든 적에게 #y독성 을 #b2  을 부여합니다."
    ]
  },
  "DemoMod:SuperHotWatch": {
    "NAME": "핫뜨거 손목 시계",
    "FLAVOR": "이 시계는 너무 뜨거워서 만질 수가 없네요.",
    "DESCRIPTIONS": [
      "아무 카드도 사용하지 않고 턴을 넘기면, 추가 턴을 얻습니다. 한번에 두번까지 사용됩니다."
    ]
  },
  "DemoMod:RiddleOfLead": {
    "NAME": "납 어래미",
    "FLAVOR": "총굴을 정복한 첫 영웅의 유물입니다. 위험과 맞설 수 있는 용기와, 살아남을 수 있는 행운을 가져다줍니다.",
    "DESCRIPTIONS": [
      "획득 시, 최대 체력을 #b10 얻고 . 매 전투 시작지, #b2 의 #y힘 #y민첩 #y집중 을 얻습니다. NL 내 체력이 %b25% 이하면, #b50% 확률로 피해를 무시합니다."
    ]
  },
  "DemoMod:Relodestone": {
    "NAME": "천연 총자기석",
    "FLAVOR": "이 희귀한 돌의 분자는 원래부터 모든 총탄이 같은 방향을 향하도록 배열되었습니다.",
    "DESCRIPTIONS": [
      "방 6개를 클리어 할때마다 오른쪽 클릭으로 사용 가능합니다. 다음 턴이 시작하기 전, 적으로 부터 오는 모든 #y공격 피해를 흡수하고, 다음 턴이 시작될때 모든 적에게 피해를 줍니다."
    ]
  },
  "DemoMod:LichsEyeBullet": {
    "NAME": "리치의 눈 총탄",
    "FLAVOR": "한 쌍이 있으면 상상할 수 없는 마법의 힘을 발휘합니다.",
    "DESCRIPTIONS": [
      "모든 #y총이 자동으로 #y콤보 효과를 얻습니다."
    ]
  },
  "DemoMod:PortableTableDevice": {
    "NAME": "휴대용 테이블 장치",
    "FLAVOR": "\"진보된 중합체는 최첨단 휴대용 식탁 표면을 보강합니다.\"",
    "DESCRIPTIONS": [
      "전투 시작시, #y테이블 #y기술 카드 3 장 중 1 장을 골라서 손으로 가져옵니다."
    ]
  },
  "DemoMod:JetPack": {
    "NAME": "제트팩",
    "FLAVOR": "오직 죽기만을 바라는 총굴 탐험가만이 굴러서 회피를 포기할 것입니다. 다행히도, 제트팩은 껐다가 켤 수 있습니다.",
    "DESCRIPTIONS": [
      "방 1개를 클리어 할때마다 오른쪽 클릭으로 사용 가능합니다. #y비행 을 #b1 얻습니다. #b2 턴동안 #y카드 를 통한 방어도를 얻을 수 없습니다."
    ]
  },
  "DemoMod:WaxWing": {
    "NAME": "왁스 날개",
    "FLAVOR": "정교하게 제작된 왁스 날개 한 쌍입니다.",
    "DESCRIPTIONS": [
      "전투 시작시, #y비행 을 #b1 얻습니다."
    ]
  },
  "DemoMod:StrengthOfFortune": {
    "NAME": "힘의 축복",
    "FLAVOR": "어떻게 이런일이 가능하죠?",
    "DESCRIPTIONS": [
      "당신이 주는 피해량이 #b3 배가 됩니다."
    ]
  },
  "DemoMod:Limited": {
    "NAME": "한계 있음",
    "FLAVOR": "\"총알이 필요해!\"",
    "DESCRIPTIONS": [
      "획득 시, 덱에서 모든 #y총 의 탄약을 버립니다."
    ]
  },
  "DemoMod:Armor": {
    "NAME": "갑옷",
    "FLAVOR": "이 작은 갑옷이 있다는것으로, 당신의 마음은 굳건합니다.",
    "DESCRIPTIONS": [
      "막히지 않은 피해를 입을때, 갑옷 을 #b1 개 잃는것으로 그 피해를 무효화 합니다."
    ]
  },
  "DemoMod:Unsteady": {
    "NAME": "불안정함",
    "FLAVOR": "당신은 갑자기 마음속에 불안정함을 느낍니다.",
    "DESCRIPTIONS": [
      "카드를 #b10 장 쓸때마다, 내 손에 있는 카드 #b1 장을 #y소멸 시킵니다."
    ]
  },
  "DemoMod:GnawedKey": {
    "NAME": "갉아먹힌 열쇠",
    "FLAVOR": "손잡이는 설치류와 비슷하게 생겼습니다. 무엇을 열수 있을까요?",
    "DESCRIPTIONS": [
      "쥐갈공명의 은신처의 입구를 여는 열쇠입니다."
    ]
  },
  "DemoMod:Test1": {
    "NAME": "Test1",
    "FLAVOR": "I haven't thought about the description yet.",
    "DESCRIPTIONS": [
      "매 턴마다 처음으로 #y총 을 #y재장전 하는 경우, [E] 를 얻습니다."
    ]
  },
  "DemoMod:RatBoots": {
    "NAME": "쥐 장화",
    "FLAVOR": "불운한 뾰족귀 모험가로부터 훔친 물건입니다.",
    "DESCRIPTIONS": [
      "전투 시작시, 민첩 #b1 을 얻습니다. NL #y재장전 할 때 마다, #y방어도 를 #b3 얻습니다."
    ]
  },
  "DemoMod:ResourcefulSack": {
    "NAME": "쥐갈공명의 자루",
    "FLAVOR": "그밖에는 평범한 자루로써, 도둑질을 하는 일반적인 사람들이 사용합니다.",
    "DESCRIPTIONS": [
      "적의 공격을 받을때마다, 카운터가 #b1 씩 증가합니다(최대 #b30). 오른쪽 클릭으로 사용하면, 대상에게 #b3 의 피해를 #y카운터 만큼 줍니다.",
      "(피해 #b3 만큼 #b",
      " 번 줍니다.)"
    ]
  },
  "DemoMod:PartiallyEatenCheese": {
    "NAME": "일부분 먹은 치즈",
    "FLAVOR": "일시적으로 현재 진행 중인 게임을 변경합니다.",
    "DESCRIPTIONS": [
      "#b600 피해를 줄때마다 오른쪽 클릭으로 사용 가능합니다. 다음 #b2 턴 동안 무적이 되고 손으로 #y잡아 #y먹기! 를 내 턴 시작에 가져옵니다."
    ]
  },
  "DemoMod:MeatBun": {
    "NAME": "고기빵",
    "FLAVOR": "\"방금 구운 맛있는 베이크드 롤입니다! 세상만사는 때때로 그냥 그렇게 흘러가곤 하지요!\"",
    "DESCRIPTIONS": [
      "획득 시, 체력을 #b14 회복합니다. NL 피해를 입기 전까지, 적에게 입히는 피해가 #b2 배가 됩니다."
    ]
  },
  "DemoMod:NanoMachines": {
    "NAME": "나노머신",
    "FLAVOR": "몸으로 들어간 납을 갑옷을 바꿔주는 자기 증식형 나노머신입니다.",
    "DESCRIPTIONS": [
      "획득 시, #y갑옷 을 #b2 개 얻습니다. 피해를 #b4 번 받을때마다, 적의 행동이 끝난 후, #y갑옷 을 #b1 개 얻습니다.",
      " NL #g콤보 -스틸 스킨: 더 이상 AC-15 가 #y방어도 를 소모하지 않습니다.",
      " NL #g콤보 -실력 있어: 보상 화면에서 포션과 유물 보상이 더욱 향상됩니다."
    ]
  },
  "DemoMod:ElasticCartridgeClip": {
    "NAME": "탄성 카트리지 클립",
    "FLAVOR": "5 아니면 6?",
    "DESCRIPTIONS": [
      "매 턴 시작시 [E] 를 얻습니다. NL 더 이상 #y탄창 의 용량을 확인할 수 없습니다."
    ]
  }
}