{
  "DemoMod:Strike_Huntress": {
    "NAME": "타격",
    "DESCRIPTION": "피해를 !D! 줍니다."
  },
  "DemoMod:Defend_Huntress": {
    "NAME": "수비",
    "DESCRIPTION": "방어도 를 !B! 얻습니다 ."
  },
  "DemoMod:Invincible": {
    "NAME": "천하무적",
    "DESCRIPTION": "이번 턴에 체력을 !M! 이상 잃지 않습니다."
  },
  "DemoMod:Spice": {
    "NAME": "스파이스",
    "DESCRIPTION": "최대 체력을 2 잃고, 힘을 !M! 얻고, 카드를 1 장 뽑습니다. 이 카드를 사용하면, 보상화면에 이 카드가 나올 확률이 증가합니다. NL 소멸."
  },
  "DemoMod:BlackBlade": {
    "NAME": "블랙 블레이드",
    "DESCRIPTION": "피해를 !D! 줍니다.이 카드로 준 피해만큼 블랙블레이드 를 적용합니다."
  },
  "DemoMod:WhiteBlade": {
    "NAME": "화이트 블레이드",
    "DESCRIPTION": "피해를 !D! 줍니다.이 카드로 준 피해만큼 화이트블레이드 를 적용합니다."
  },
  "DemoMod:BSG": {
    "NAME": "BSG",
    "DESCRIPTION": "총. 피해를 !D! 줍니다. 이 카드의 피해가 적에게 막히지 않으면, 모든 적에게 !D! 피해를 줍니다. NL 탄창 !DemoModCapacity!."
  },
  "DemoMod:BalloonGun": {
    "NAME": "풍선건",
    "DESCRIPTION": "총. 피해를 !D! 만큼 3 번 줍니다. 카드를 뽑으면, 비행 을 부여합니다. 전투에서 체력을 잃으면, 이 카드는 자동으로 소멸됩니다. 탄창 !DemoModCapacity!."
  },
  "DemoMod:RustySidearm": {
    "NAME": "녹슨 사이드암",
    "DESCRIPTION": "총. 피해를 !D! 줍니다. NL 반자동. 탄창 !DemoModCapacity!."
  },
  "DemoMod:ManualReload": {
    "NAME": "수동 재장전",
    "DESCRIPTION": "버린 카드 더미에 있는 총 을 선택합니다, 재장전 한 후 손으로 가져옵니다.",
    "UPGRADE_DESCRIPTION": "뽑을 카드 더미나 버린 카드 더미에 있는 총 을 선택합니다, 재장전 한 후 손으로 가져옵니다."
  },
  "DemoMod:CrossBow": {
    "NAME": "석궁",
    "DESCRIPTION": "총. 피해를 !D! 줍니다. NL 탄창 !DemoModCapacity!."
  },
  "DemoMod:TableSutra": {
    "NAME": "테이블 수트라",
    "DESCRIPTION": "턴 시작시, 무작위 테이블 기술을 손으로 가져옵니다."
  },
  "DemoMod:TableTechSight": {
    "NAME": "테이블 기술:마음의 눈",
    "DESCRIPTION": "방어도 를 !B! 얻습니다. 이번 턴, 사용하는 총이 2 번 발사됩니다. NL 휘발성. 소멸.",
    "UPGRADE_DESCRIPTION": "방어도 를 !B! 얻습니다. 이번 턴, 사용하는 총 2 개가 2 번 사용됩니다. NL 휘발성. 소멸."
  },
  "DemoMod:TableTechMoney": {
    "NAME": "테이블 기술:자금",
    "DESCRIPTION": "방어도 를 !B! 얻습니다. 골드를 !M! 얻습니다. NL 휘발성. 소멸."
  },
  "DemoMod:TableTechRocket": {
    "NAME": "테이블 기술:로켓",
    "DESCRIPTION": "피해를 !D! 줍니다. NL 휘발성. 소멸."
  },
  "DemoMod:TableTechShotgun": {
    "NAME": "테이블 기술:산탄총",
    "DESCRIPTION": "방어도 를 !B! 얻습니다. 무작위 적에게 !D! 피해를 !M! 번 줍니다. NL 휘발성. 소멸."
  },
  "DemoMod:TableTechHeat": {
    "NAME": "테이블 기술:히트",
    "DESCRIPTION": "방어도 를 !B! 얻습니다. 턴 종료시, 모든 적에게 피해를 !M! 줍니다. NL 휘발성. 소멸."
  },
  "DemoMod:TableTechRage": {
    "NAME": "테이블 기술:분노",
    "DESCRIPTION": "방어도 !B! 얻고 힘을 !M! 얻습니다.내 턴이 끝날 때, 힘을 !M! 잃습니다. NL 휘발성. 소멸."
  },
  "DemoMod:TableTechBlanks": {
    "NAME": "테이블 기술:공포탄",
    "DESCRIPTION": "방어도 를 !B! 얻습니다. 전투에 있는 적 하나당 방어도 를 !M! 얻습니다. NL 휘발성. 소멸."
  },
  "DemoMod:TableTechStun": {
    "NAME": "테이블 기술:기절",
    "DESCRIPTION": "방어도 를 !B! 얻습니다. 이번 턴 모든 적을 기절시킵니다. NL 휘발성. 소멸."
  },
  "DemoMod:TripleGun": {
    "NAME": "트리플 건",
    "DESCRIPTION": "총. 탄창 3:피해를 !D! 줍니다. 탄창 2:피해를 !D! 만큼 2 번 줍니다. 탄창 1: 모든 적에게 !M! 의 피해를 입힙니다. 탄창 !DemoModCapacity!.",
    "EXTENDED_DESCRIPTION": [
      "총. 탄창 3:피해를 ",
      " 줍니다. 탄창 2:피해를 ",
      " 만큼 2 번 줍니다. 탄창 1: 모든 적에게 !M! 의 피해를 입힙니다. 탄창 !DemoModCapacity!."
    ]
  },
  "DemoMod:FinishedGun": {
    "NAME": "완성된 총",
    "DESCRIPTION": "총. 피해를 !D! 줍니다. 탄창 1：피해량이 !DemoModExtraDamage! , 증가하고 대상이 나에게 입히려는 피해만큼 추가로 피해량이 증가합니다. 반자동. 탄창 !DemoModCapacity!."
  },
  "DemoMod:HighKaliber": {
    "NAME": "하이 칼리버",
    "DESCRIPTION": "총. 유체이탈 을 !M! 부여합니다. 피해를 !D! 줍니다. 탄창 !DemoModCapacity!."
  },
  "DemoMod:SAA": {
    "NAME": "SAA",
    "DESCRIPTION": "총. 피해를 !D! 줍니다. 이 카드를 재장전 하면, 카드를 !M! 장 뽑습니다. 반자동. NL 탄창 !DemoModCapacity!."
  },
  "DemoMod:Behold!": {
    "NAME": "주시!",
    "DESCRIPTION": "[E] 를 얻습니다. 뽑을 카드 더미와 버릴 카드 더미에서 총 들을 선택해, 내 손에 넣습니다. NL 소멸.",
    "UPGRADE_DESCRIPTION": "[E] [E] 를 얻습니다. 뽑을 카드 더미와 버릴 카드 더미에서 총 들을 선택해, 내 손에 넣습니다. NL 소멸."
  },
  "DemoMod:Roll": {
    "NAME": "구르기",
    "DESCRIPTION": "방어도 를 !B! 얻습니다. 손에 있는 총 을 선택하여 재장전 합니다."
  },
  "DemoMod:Unity": {
    "NAME": "총기옥",
    "DESCRIPTION": "피해를 !D! 줍니다. 덱에 있는 총 하나당 피해량이 !M! 증가합니다."
  },
  "DemoMod:FastSwitch": {
    "NAME": "빼른 스위칭",
    "DESCRIPTION": "카드를 1 장 뽑습니다. 뽑을 카드 더미 맨 위를 봅니다. 만약 그 카드가 총이라면, 손으로 가져옵니다.",
    "UPGRADE_DESCRIPTION": "카드를 1 장 뽑습니다. 뽑을 카드 더미에서 총 을 손으로 가져옵니다."
  },
  "DemoMod:DoubleSwitch": {
    "NAME": "더블 스위치",
    "DESCRIPTION": "손에 있는 총 을 2 개 까지 고르고 재장전 합니다."
  },
  "DemoMod:StickyCrossBow": {
    "NAME": "끈적끈적 석궁",
    "DESCRIPTION": "총. 피해를 !D! 줍니다. 폭발 화살을 !M! 부여합니다. 반자동. NL 탄창 !DemoModCapacity!."
  },
  "DemoMod:RadGun": {
    "NAME": "라드 건",
    "DESCRIPTION": "총. 피해를 !D! 줍니다. 탄창이 꽉 찬 상태일때 재장전 하면, 기본 피해가 2 배 증가합니다, 아니면 피해량을 초기화합니다. NL 탄창 !DemoModCapacity!.",
    "UPGRADE_DESCRIPTION": "총. 피해를 !D! 줍니다. 탄창이 꽉 찬 상태 또는 탄창이 2 발 남았을때 장전하면, 기본 피해가 2 배 증가합니다, 아니면 피해량을 초기화합니다. NL 탄창 !DemoModCapacity!."
  },
  "DemoMod:Rummage": {
    "NAME": "수색",
    "DESCRIPTION": "카드를 4 장 뽑습니다. 총이 아닌 카드를 버립니다.",
    "UPGRADE_DESCRIPTION": "카드를 4 장 뽑습니다. 총이 아닌 카드를 버립니다. NL 버린 카드 더미에서 카드를 한 장 손으로 가져옵니다."
  },
  "DemoMod:Eureka": {
    "NAME": "유레카!",
    "DESCRIPTION": "총 을 !M! 장 뽑을때까지 카드를 뽑습니다. 소멸."
  },
  "DemoMod:FightSabre": {
    "NAME": "소드건",
    "DESCRIPTION": "총. 피해를 !D! 줍니다. 이 카드를 재장전 하면, 방어도 를 !B! 얻습니다. NL 탄창 !DemoModCapacity!."
  },
  "DemoMod:Gungine": {
    "NAME": "건진",
    "DESCRIPTION": "총. 피해를 !D! 만큼 2 번 줍니다. 모든 상태이상과 저주카드를 소멸 시킵니다. 이 카드를 재장전 하면, [E] 를 얻습니다 。 NL 탄창 !DemoModCapacity!.",
    "UPGRADE_DESCRIPTION": "총. 피해를 !D! 만큼 !DemoModMulti! 번 줍니다. NL 소멸 모든 상태이상과 저주카드를 소멸 시킵니다. 이 카드를 재장전 하면, [E] [E] 를 얻습니다 。 NL 탄창 !DemoModCapacity!."
  },
  "DemoMod:EasyReloadBullets": {
    "NAME": "간편 재장전 총탄",
    "DESCRIPTION": "스킬을 사용할때마다, 내 손에 있는 무작위 총의 탄창을 1개 채웁니다(재장전 효과가 발동하지 않습니다).",
    "UPGRADE_DESCRIPTION": "선천성. 스킬을 사용할때마다, 내 손에 있는 무작위 총의 탄창을 1개 채웁니다(재장전 효과가 발동하지 않습니다)."
  },
  "DemoMod:PotionOfGunFriendShip": {
    "NAME": "총기 우정의 물약",
    "DESCRIPTION": "내 손에 있는 모든 총 을 전투가 끝날때까지 강화 합니다. 소멸.",
    "UPGRADE_DESCRIPTION": "모든 총 을 전투가 끝날때까지 강화 합니다. 소멸."
  },
  "DemoMod:DoubleVision": {
    "NAME": "더블 비전",
    "DESCRIPTION": "이번 턴, 다음에 사용하는 총 이 2 번 발사됩니다.",
    "UPGRADE_DESCRIPTION": "이번 턴, 다음에 사용하는 총 !M! 개가 2 번 발사됩니다."
  },
  "DemoMod:ChanceBullets": {
    "NAME": "확률탄",
    "DESCRIPTION": "총 을 발사할때마다 !M!% 확률로 내가 가지고 있는 다른 무기의 공격으로 바뀝니다.",
    "UPGRADE_DESCRIPTION": "총 을 발사할때마다 !M!% 확률로 내가 가지고 있는 다른 무기의 공격을 추가합니다."
  },
  "DemoMod:SkilledReload": {
    "NAME": "능숙한 장전",
    "DESCRIPTION": "내가 재장전 할 때마다, 카드를 1 장 뽑습니다."
  },
  "DemoMod:Slinger": {
    "NAME": "슬링거",
    "DESCRIPTION": "모든 총이 탄창 이 비어도 공격할 수 있습니다. NL 탄창이 비었을때 발사하면 소멸됩니다."
  },
  "DemoMod:SpreadAmmo": {
    "NAME": "갈색탄약 상자",
    "DESCRIPTION": "모든 총 카드를 재장전합니다. 소멸."
  },
  "DemoMod:CursedBullets": {
    "NAME": "저주받은 총탄",
    "DESCRIPTION": "내가 가지고 있는 저주포인트의 반만큼 힘을 얻습니다.",
    "UPGRADE_DESCRIPTION": "선천성. 내가 가지고 있는 저주포인트의 반만큼 힘을 얻습니다."
  },
  "DemoMod:ShadowBullets": {
    "NAME": "그림자 탄환",
    "DESCRIPTION": "총 을 발사할때마다 !M!% 확률로 2 번 발사합니다."
  },
  "DemoMod:BattleInHaste": {
    "NAME": "전투 가속",
    "DESCRIPTION": "뽑을 카드 더미에서 무작위 총 1 장을 손에 추가합니다.",
    "UPGRADE_DESCRIPTION": "뽑을 카드 더미에서 무작위 총 !M! 장을 손에 추가합니다."
  },
  "DemoMod:Casey": {
    "NAME": "케이시",
    "DESCRIPTION": "피해를 !D! 줍니다. 만약 이 카드로 적을 처치하면, 무작위 적에게 초과한 피해량의 !M! 배의 피해를 입힙니다."
  },
  "DemoMod:FullFirepower": {
    "NAME": "전탄 발사",
    "DESCRIPTION": "다음에 사용하는 총이 탄창을 모두 소모할때까지 발사됩니다. 소멸.",
    "UPGRADE_DESCRIPTION": "다음에 사용하는 총이 탄창을 모두 소모할때까지 발사됩니다."
  },
  "DemoMod:BlankBullets": {
    "NAME": "공포탄 총탄",
    "DESCRIPTION": "총 을 쏠때마다 !M!% 확률로 적을 기절시킬 수 있습니다."
  },
  "DemoMod:HuntsMan": {
    "NAME": "헌츠맨",
    "DESCRIPTION": "총. 무작위 적에게 피해를 !D! 만큼 4 번 줍니다. 이 카드를 재장전 하면, 방어도 를 !B! 얻습니다. NL 탄창 !DemoModCapacity!."
  },
  "DemoMod:TeaPot": {
    "NAME": "주전자",
    "DESCRIPTION": "총. 피해를 !D! 줍니다. 탄창 1:피해량이 !DemoModExtraDamage! 증가합니다. 이 카드를 재장전 하면, 오메가 !M! 를 부여합니다. NL 탄창 !DemoModCapacity!."
  },
  "DemoMod:Charge": {
    "NAME": "충전",
    "DESCRIPTION": "이 카드를 충전하여 사용합니다.(비용이 [E] 만큼 더 소모됩니다)。"
  },
  "DemoMod:NonCharge": {
    "NAME": "비-충전",
    "DESCRIPTION": "이 카드를 일반적으로 사용합니다."
  },
  "DemoMod:MegaHand": {
    "NAME": "메가핸드",
    "DESCRIPTION": "총. 피해를 !D! 줍니다. 충전: 피해를 !M! 줍니다. 탄창 !DemoModCapacity!.",
    "EXTENDED_DESCRIPTION": [
      "에어 슈터",
      "거품 리드",
      "크래시 봄버",
      "시간 정지기",
      "핵 발사",
      "리프 실드",
      "메탈 블레이드",
      "빠른 부메랑",
      "총. 피해를 !D! 만큼 3 번 줍니다. 탄창 !DemoModCapacity!.",
      "",
      "총. 대상이 체력을 !D! 잃습니다. 다음 턴, 대상을 기절시키고 모든 적에게 피해를 !D! 줍니다. 다른 모드로 전환됩니다. 탄창 !DemoModCapacity!.",
      "총. 모든 적에게 피해를 !D! 줍니다. 추가 턴을 가집니다. 다른 모드로 전환됩니다. 탄창 !DemoModCapacity!."
    ]
  },
  "DemoMod:PlatinumBullets": {
    "NAME": "백금 총탄",
    "DESCRIPTION": "총 카드를 사용할때마다, 힘 1 또는 민첩 1 을 부여합니다."
  },
  "DemoMod:ChaosBullets": {
    "NAME": "혼돈 총탄",
    "DESCRIPTION": "총 을 쏠때마다 !M!% 확률로 적에게 부정적인 효과를 부여합니다."
  },
  "DemoMod:ConditionalReflex": {
    "NAME": "조건 반사",
    "DESCRIPTION": "카드를 1 장 뽑습니다. 재장전 효과가 발동할때마다, 이 카드를 버린카드 더미에서 손으로 가져옵니다."
  },
  "DemoMod:JK47": {
    "NAME": "JK-47",
    "DESCRIPTION": "총. 피해를 !D! 줍니다. 이 카드를 재장전 하면,모든 적에게 약화를 !M! 부여합니다. 탄창 !DemoModCapacity!."
  },
  "DemoMod:SniperShot": {
    "NAME": "저격",
    "DESCRIPTION": "버린 카드 더미에서 총 을 선택하여 사격하고 내 손으로 가져옵니다. NL 소멸."
  },
  "DemoMod:DirectionalPad": {
    "NAME": "방향 패드",
    "DESCRIPTION": "총. 피해를 !D! 줍니다. 이번 전투에서 직전에 사용한 카드가 공격카드일 경우, 방어도 를 !B! 얻습니다. 탄창이 비었을때 사용하면, 무작위 보상을 보상화면에 추가하고 덱에서 제거합니다. 탄창 !DemoModCapacity!."
  },
  "DemoMod:Unmoved": {
    "NAME": "냉정함",
    "DESCRIPTION": "방어도 를 !B! 얻습니다. 이번 전투에서 마지막으로 사용한 공격카드를 손으로 가져옵니다.",
    "UPGRADE_DESCRIPTION": "방어도 를 !B! 얻습니다. 이번 전투에서 마지막으로 사용한 공격카드를 2 장 손으로 가져옵니다."
  },
  "DemoMod:DarkMarker": {
    "NAME": "암흑 표지",
    "DESCRIPTION": "총. 피해를 !D! 줍니다. 탄창이 가득찼을때 재장전 하면 모드를 전환합니다. 탄창 !DemoModCapacity!.",
    "EXTENDED_DESCRIPTION": [
      "총. 모든 적에게 !D! * X 만큼의 피해를 주고 기절시킵니다. 소멸. 탄창이 가득찼을때 재장전 하면 모드를 전환합니다. 탄창 !DemoModCapacity!.",
      "총. 피해를 !D! 줍니다. 탄창이 가득찼을때 재장전 하면 모드를 전환합니다. 레드마크 를 부여합니다. 탄창 !DemoModCapacity!.",
      "총. 피해를 !D! 줍니다. 탄창이 가득찼을때 재장전 하면 모드를 전환합니다. 블루마크 를 부여합니다. 탄창 !DemoModCapacity!."
    ]
  },
  "DemoMod:StrategicReserve": {
    "NAME": "전략적 비축",
    "DESCRIPTION": "손에 있는 카드 2 장을 덱의 맨 위에 놓습니다. NL 다음 턴 시작 시, [E] [E] 를 얻습니다.",
    "UPGRADE_DESCRIPTION": "손에 있는 카드를 원하는 만큼 뽑을 카드 더미 맨 위에 둡니다. NL 다음 턴 시작 시, [E] [E] 를 얻습니다."
  },
  "DemoMod:ProbeStrike": {
    "NAME": "정찰 타격",
    "DESCRIPTION": "피해를 !D! 줍니다. 적이 공격의도가 없으면, [E] 를 얻고 카드를 1 장 뽑고, 취약을 !M! 부여합니다, 아니면 방어도 를 !B! 얻습니다."
  },
  "DemoMod:Evolver": {
    "NAME": "이볼버",
    "DESCRIPTION": "총. 강화할 수 없습니다. NL 피해를 !D! 줍니다. NL 6회 사용하면, 자동으로 다음 단계로 진화합니다. 탄창 !DemoModCapacity!.",
    "EXTENDED_DESCRIPTION": [
      "총. 강화할 수 없습니다. NL 피해를 !D! 줍니다. NL 4회 사용하면, 자동으로 다음 단계로 진화합니다. 탄창 !DemoModCapacity!.",
      "총. 강화할 수 없습니다. NL 피해를 !D! 만큼 3 번 줍니다. NL 6회 사용하면, 자동으로 다음 단계로 진화합니다. 탄창 !DemoModCapacity!.",
      "총. 강화할 수 없습니다. NL 피해를 !D! 만큼 3 번 줍니다. NL 4회 사용하면, 자동으로 다음 단계로 진화합니다. 탄창 !DemoModCapacity!.",
      "총. 강화할 수 없습니다. NL 피해를 !D! 주고 포박을 !M! 부여합니다. NL 6회 사용하면, 자동으로 다음 단계로 진화합니다. 탄창 !DemoModCapacity!.",
      "총. 강화할 수 없습니다. NL 피해를 !D! 주고 포박을 !M! 부여합니다. NL 4회 사용하면, 자동으로 다음 단계로 진화합니다. 탄창 !DemoModCapacity!."
    ]
  },
  "DemoMod:MozambiqueDrill": {
    "NAME": "모잠비크 드릴",
    "DESCRIPTION": "한 턴에 총 을 !M! 번 발사하면, 다음에 사용하는 카드의 피해량이 2 배가 됩니다."
  },
  "DemoMod:GunstockTap": {
    "NAME": "개머리판 치기",
    "DESCRIPTION": "피해를 !D! 줍니다. NL 카드를 1 장 뽑습니다. NL 내 손에 있는 총 들을 !M! 장 선택하여 재장전합니다."
  },
  "DemoMod:AbyssalTentacle": {
    "NAME": "심해의 촉수",
    "DESCRIPTION": "총. NL 피해를 !D! 줍니다. NL 포박을 !M! 부여합니다. NL 탄창 !DemoModCapacity!."
  },
  "DemoMod:LifeOrb": {
    "NAME": "라이프 오브",
    "DESCRIPTION": "총. 피해를 !D! 만큼 !DemoModMulti! 번 줍니다. NL 이 카드로 적을 처치하면, 다음 재장전 때 모든 적에게 이 카드로 처치한 모든 적의 최대체력의 합 만큼 피해를 입힙니다. 탄창 !DemoModCapacity!."
  },
  "DemoMod:Replace": {
    "NAME": "전환",
    "DESCRIPTION": "카드를 1 장 버립니다. NL 버린 카드 더미에서 내 손으로 가져옵니다. NL 소멸.",
    "UPGRADE_DESCRIPTION": "카드를 1 장 버립니다. NL 버린 카드 더미에서 내 손으로 가져옵니다."
  },
  "DemoMod:FeignSurrender": {
    "NAME": "거짓 항복",
    "DESCRIPTION": "모든 공격카드를 버립니다. NL 버린 만큼 카드를 뽑습니다.",
    "UPGRADE_DESCRIPTION": "모든 공격카드를 버립니다. NL 버린 만큼 카드를 뽑습니다(최소 2 장은 뽑습니다)."
  },
  "DemoMod:ThirdPartyController": {
    "NAME": "서드 파티 컨트롤러",
    "DESCRIPTION": "총. 피해를 !D! 줍니다. NL 대상이 보스가 아니면, 그 적을 조종 합니다. NL 탄창 !DemoModCapacity!."
  },
  "DemoMod:Flaw": {
    "NAME": "결함",
    "DESCRIPTION": "사용불가. NL 이 카드를 뽑으면, 취약 을 1 받습니다. 휘발성."
  },
  "DemoMod:RatTrap": {
    "NAME": "쥐 덫",
    "DESCRIPTION": "사용불가. 턴 종료시, 이번 턴에 공격카드를 사용하면, 피해를 !M! 만큼 입고 뽑을 카드 더미에 *어지러움 을 추가하고 소멸합니다."
  },
  "DemoMod:AWP": {
    "NAME": "A.W.P.",
    "DESCRIPTION": "총. 피해를 !D! 줍니다. NL 손에 있는 유일한 총일 경우에, 피해가 2 배가 됩니다. 탄창 !DemoModCapacity!."
  },
  "DemoMod:Purify": {
    "NAME": "정화",
    "DESCRIPTION": "피해를 !D! 줍니다. NL 치명타 라면, 덱에서 카드 한장을 골라 이 카드와 함께 소멸 시킵니다. 소멸.",
    "UPGRADE_DESCRIPTION": "피해를 !D! 줍니다. NL 치명타 라면, 덱에서 카드 한장을 골라 이 카드와 함께 소멸 시킵니다."
  },
  "DemoMod:Deposit": {
    "NAME": "예금",
    "DESCRIPTION": "이 전투에서 !M! 번 뽑으면, 30 골드를 얻고 이 카드를 소멸 시킵니다.",
    "EXTENDED_DESCRIPTION": [
      "(이 카드를 ",
      " 번 뽑았습니다.)"
    ]
  },
  "DemoMod:PracticeMakesPerfect": {
    "NAME": "Practice Makes Perfect",
    "DESCRIPTION": "이번 전투에서 재장전한 총 하나당 [E] 가 1씩 감소합니다. 카드를 !M! 장 뽑습니다."
  },
  "DemoMod:BulletBore": {
    "NAME": "불릿 보어",
    "DESCRIPTION": "총. 대상이 체력을 !D! 잃습니다. 다음 턴에, 그 적을 기절시키고 모든 적에게 피해를 !D! 줍니다. NL 탄창 !DemoModCapacity!."
  },
  "DemoMod:GunslingerForm": {
    "NAME": "건슬링어 폼",
    "DESCRIPTION": "총이 발사할때마다 재장전 효과도 같이 발동시킵니다. 휘발성.",
    "UPGRADE_DESCRIPTION": "총이 발사할때마다 재장전 효과도 같이 발동시킵니다."
  },
  "DemoMod:Elimentaler": {
    "NAME": "치즈 뿌리개",
    "DESCRIPTION": "총. 피해를 !D! 줍니다. NL 응고 !M! 을 부여합니다. NL 탄창 !DemoModCapacity!."
  },
  "DemoMod:EatIt": {
    "NAME": "잡아 먹기!",
    "DESCRIPTION": "보스가 아닌 적을 처치합니다 보스라면 40 의 피해를 입힙니다."
  },
  "DemoMod:Ejector": {
    "NAME": "이젝터",
    "DESCRIPTION": "내 손에서 총 을 1장 선택하여 탄창을 비웁니다.",
    "UPGRADE_DESCRIPTION": "내 손에서 총 들을 선택하여 탄창을 비웁니다."
  },
  "DemoMod:GunShield": {
    "NAME": "총기방패",
    "DESCRIPTION": "방어도 를 !B! 얻습니다. 내 손에 있는 총 한장당 방어도 를 !B! 만큼 얻습니다."
  },
  "DemoMod:AC15": {
    "NAME": "AC-15",
    "DESCRIPTION": "총. 피해를 !D! 줍니다. NL 방어도 를 전부 잃습니다. 이 카드의 피해량은 이 카드의 효과로 잃은 방어도의 값과 같습니다. 탄창 !DemoModCapacity!."
  },
  "DemoMod:OldTrick": {
    "NAME": "뻔한 수법",
    "DESCRIPTION": "피해를 !D! 줍니다. NL 이번 전투에서 마지막으로 사용한 스킬카드를 손으로 가져옵니다."
  },
  "DemoMod:ZorGun": {
    "NAME": "조르건",
    "DESCRIPTION": "총. 피해를 !D! 줍니다. 이 카드를 재장전 하면, 뽑을 카드 더미에서 !M! 장을 사용하고 이 카드의 비용이 [E] 증가합니다. 이 카드가 버린 카드 더미로 들어가면 비용이 [E] 감소합니다. 탄창 !DemoModCapacity!."
  },
  "DemoMod:Desperate": {
    "NAME": "발악",
    "DESCRIPTION": "카드를 !M! 장 뽑습니다. 총 을 뽑으면, [E] 를 얻습니다."
  },
  "DemoMod:Camera": {
    "NAME": "카메라",
    "DESCRIPTION": "총. 모든 적에게 피해를 !D! 줍니다. 탄창 1:이번 턴 모든 적을 기절시킵니다. NL 탄창이 0 이 되면, 소멸 합니다. NL 탄창 !DemoModCapacity!."
  },
  "DemoMod:BlackHoleGun": {
    "NAME": "블랙홀 건",
    "DESCRIPTION": "총. 모든 적에게 피해를 !D! 줍니다. 이번 턴 모든 캐릭터가 힘을 !M! 잃습니다. 모든 총의 탄창을 버립니다. NL 버린 카드 더미에 *공허 를 추가합니다. NL 탄창 !DemoModCapacity!."
  },
  "DemoMod:Polaris": {
    "NAME": "폴라리스",
    "DESCRIPTION": "총. 피해를 !D! 줍니다. 게임 중 2 번 사용하면, 1 레벨 (최대 3) 진급합니다. 전투 중에 체력을 잃으면, 1 레벨 하락합니다. 탄창 !DemoModCapacity!.",
    "UPGRADE_DESCRIPTION": "총. 반자동. 피해를 !D! 줍니다. 게임 중 2 번 사용하면, 1레벨 (최대 3) 진급합니다. 전투 중에 체력을 잃으면, 1레벨 하락합니다. 탄창 !DemoModCapacity!."
  },
  "DemoMod:SuppressiveFire": {
    "NAME": "진압 사격",
    "DESCRIPTION": "이번 턴 동안 내 손에 있는 총 1장이 반자동 을 얻습니다.",
    "UPGRADE_DESCRIPTION": "이번 턴 동안 내 손에 있는 총 이 반자동 을 얻습니다."
  },
  "DemoMod:FortunesFavor": {
    "NAME": "행운의 손길",
    "DESCRIPTION": "적들이 주려는 피해 총합의 절반만큼 방어도 를 얻습니다."
  },
  "DemoMod:BoxingGlove": {
    "NAME": "권투 글러브",
    "DESCRIPTION": "총. 피해를 !D! 줍니다. 이 카드로 적을 죽이면, 마크를 얻습니다(최대 3). NL 충전: 모든 마크를 잃습니다, 잃어버린 마크 하나당 피해량이 2 배 증가합니다. 탄창 !DemoModCapacity!."
  },
  "DemoMod:MachoBrace": {
    "NAME": "마초 브레이스",
    "DESCRIPTION": "방어도 를 !B! 얻습니다. 내 손에 있는 총 을 선택하고 재장전 합니다. 다음 공격의 피해량이 !M! 증가합니다."
  },
  "DemoMod:CombinedRifle": {
    "NAME": "합성 라이플",
    "DESCRIPTION": "총. 피해를 !D! 만큼 !DemoModMulti! 번 줍니다. 재장전 하면 모드를 전환합니다. 탄창 !DemoModCapacity!.",
    "EXTENDED_DESCRIPTION": [
      "총. 피해를 !D! 줍니다. 재장전 하면 모드를 전환합니다. 탄창 !DemoModCapacity!."
    ]
  }
}