[
  {
    "NAMES": [
      "블랙 블레이드",
      "블랙블레이드"
    ],
    "PROPER_NAME": "블랙 블레이드",
    "DESCRIPTION": "화이트 블레이드로 입히는 피해가 증가하고, 턴이 끝날때, 절반으로 줄어듭니다."
  },
  {
    "NAMES": [
      "화이트 블레이드",
      "화이트블레이드"
    ],
    "PROPER_NAME": "화이트 블레이드",
    "DESCRIPTION": "블랙 블레이드로 입히는 피해가 증가하고, 턴 종료시 사라집니다."
  },
  {
    "NAMES": [
      "비행"
    ],
    "PROPER_NAME": "비행",
    "DESCRIPTION": "비행을 가지고 있으면 공격에 의한 피해를 #b50 % 적게 받습니다."
  },
  {
    "NAMES": [
      "재장전",
      "채웁니다",
      "재장전하면"
    ],
    "PROPER_NAME": "재장전",
    "DESCRIPTION": "어떤 방식으로든 탄창이 채워지면, 재장전으로 취급합니다."
  },
  {
    "NAMES": [
      "총",
      "총들"
    ],
    "PROPER_NAME": "총",
    "DESCRIPTION": "#y공격 의 한 종류로 취급합니다. 사용할때마다 #b1 발의 탄약을 소모합니다. #y탄창 이 비었으면, 재사용하기위해 재장전 해야합니다."
  },
  {
    "NAMES": [
      "탄창",
      "클립",
      "탄약"
    ],
    "PROPER_NAME": "탄창",
    "DESCRIPTION": "총의 탄약 용량을 표시합니다. 매 사격마다 #b1 씩 감소합니다. 숫자가 #b0 일때 사용하면, 자동으로 장전되지만, 공격할 수 없습니다."
  },
  {
    "NAMES": [
      "유체이탈",
      "유체 이탈"
    ],
    "PROPER_NAME": "유체이탈",
    "DESCRIPTION": "막히지 않은 공격에 의해 피해를 입으면, 대상의 체력이 #y유체 #y이탈 의 수치만큼 감소하고 수치가 #b1 감소합니다."
  },
  {
    "NAMES": [
      "테이블 기술",
      "테이블기술"
    ],
    "PROPER_NAME": "테이블 기술",
    "DESCRIPTION": "비용이 #b0 인 카드 시리즈입니다."
  },
  {
    "NAMES": [
      "폭발 화살",
      "폭발화살"
    ],
    "PROPER_NAME": "폭발화살",
    "DESCRIPTION": "#y끈적끈적 #y석궁 이 재장전 될때, 해당 수치만큼 피해를 주고, 이 효과를 제거합니다."
  },
  {
    "NAMES": [
      "저주 수치",
      "저주포인트",
      "저주값"
    ],
    "PROPER_NAME": "저주 수치",
    "DESCRIPTION": "특정 카드, 유물 그리고 이벤트는 저주 수치를 증가시킵니다. 저주 수치가 높아질수록, 궁지에 몰린 자 들이 나올 확률이 증가합니다(#r10 이상 일때 50%). 저주받은 적은 더 많은 골드를 떨어뜨립니다. 저주 포인트가 #r10 이상이면, #y궁지에 #y몰린 #y자들의 #y지배자 가 매 전투마다 참전합니다."
  },
  {
    "NAMES": [
      "도둑질",
      "훔치기"
    ],
    "PROPER_NAME": "도둑질",
    "DESCRIPTION": "특정 유물이나 포션은 상점에서 사용하는 것으로 물건을 훔칠수있습니다(카드 제거 서비스는 제외). 하지만, 도둑질에 성공하면 저주 포인트가 #r1 증가하고 다음 도둑질의 성공률을 감소시킵니다. 상인에게 도둑질이 적발되면, 이 게임에서 더 이상 상점을 이용할 수 없습니다."
  },
  {
    "NAMES": [
      "충전"
    ],
    "PROPER_NAME": "충전",
    "DESCRIPTION": "특정 #y총 들은 발사할때 #y충전 여부를 선택할 수 있습니다. 비용 [E] 를 추가로 사용하는것으로, 카드의 강화된 효과를 사용할 수 있습니다."
  },
  {
    "NAMES": [
      "빨간 마커",
      "붉은마크"
    ],
    "PROPER_NAME": "빨간 마커",
    "DESCRIPTION": "#y파란 #y마커 와 만나면, 모든 마커를 제거하고, 피해를 #b6 주고 이번 턴에 대상을 기절시킵니다."
  },
  {
    "NAMES": [
      "파란 마커",
      "푸른마크"
    ],
    "PROPER_NAME": "파란 마커",
    "DESCRIPTION": "#y빨간 #y마커 와 만나면, 모든 마커를 제거하고, 피해를 #b6 주고 이번 턴에 대상을 기절시킵니다."
  },
  {
    "NAMES": [
      "콤보"
    ],
    "PROPER_NAME": "콤보",
    "DESCRIPTION": "특정 #y카드 / #y유물 / #y포션 이 동시에 존재하면, 조합 효과가 적용됩니다."
  },
  {
    "NAMES": [
      "조종"
    ],
    "PROPER_NAME": "조종",
    "DESCRIPTION": "이번 턴에 #y공격 카드를 사용하면 조종 당하는 적은 해당 의도를 가지고 같은 대상에게 행동합니다. NL 조종에서 벗어나면 해당 수치만큼 피해를 잃습니다."
  },
  {
    "NAMES": [
      "응고됨",
      "응고"
    ],
    "PROPER_NAME": "응고됨",
    "DESCRIPTION": "적에게 #b10 의 응고를 적용하면, 해당 적은 이번 턴에 행동할 수 없습니다. NL 대상이 죽으면, 다른 적들에게 해당 적이 가진 응고를 나누어 입힙니다. NL 응고 수치의 상한값은 #b20 입니다."
  },
  {
    "NAMES": [
      "반 자동",
      "반자동"
    ],
    "PROPER_NAME": "반자동",
    "DESCRIPTION": "이 카드를 사용한 후에, 비용이 #b0 이 아니라면, 버린 카드 더미에서 손으로 돌아옵니다."
  }
]